"Timestamp","Your full name ","
Best phone number to reach you on","What’s your registered business address?","Do you have an existing website or domain?","If yes, please share the URL or domain name","Your social media handles (Instagram, Facebook, etc.)","Tell us a bit about yourself and how House of Tula came to be e.g when did you start, what drove you to it, what does it mean to you?","What services do you currently offer? e.g. children's yoga, adult yoga, breath work, guided meditation, facials, seasonal events - include anything you'd like featured. (Please list them all)","Would you like to include a pricing or class schedule section on the website?","If yes, please share your current prices and/or class schedule (you can paste a list, attach a file later, or note 'TBC' if you'd like to finalise this during the build.)","Who is your ideal client? Think about age, lifestyle, what they're looking for, why they'd come to you over anyone else.","What makes House of Tula different from other wellness offerings in your area?","What is the main goal of your website? (Select all that apply)","Which pages would you like to include? (Select up to 5)","Is there anything specific you'd like the website to include that we haven't covered e.g. testimonials, an events calendar, a newsletter signup, links to book via a third-party platform?","Do you use any booking platforms (e.g. Acuity, Calendly, ClassPass)?","If yes, which platform and would you like it linked on the site?","Do you have an existing logo?","If yes, do you have the original logo files (e.g. PNG, SVG, AI)?","Are there any colours you currently use in your branding, or colours you love? You can describe them, share hex codes if you have them, or simply say 'earthy tones' or 'soft and muted' - whatever feels right","How would you describe the feeling you want your brand to give people? (Select all that apply)","Are there any websites or brands (wellness or otherwise) whose look you admire? Share any links or names - doesn't need to be in your industry, just anything whose aesthetic resonates with you.","Is there anything you definitely don't want in terms of look or feel? e.g. 'nothing too clinical', 'not overly feminine', 'avoid bright colours.'","Do you have existing photos you'd like to use on the website?","Please share a link to your images (Google Drive, Dropbox, WeTransfer, etc.) Don't worry if you don't have this ready yet -  you can send them directly to isabella@collectivstudio.uk once the form is submitted.","Do you have any written content ready (e.g. an about blurb, service descriptions)?","If yes, please paste any written content here or key points you'd like us to work from","Do you have any testimonials from clients you'd like to include?","If yes, please paste them here","Do you have a preferred launch date or any key dates we should be aware of? e.g. an upcoming event, a new season starting, or just a rough 'by end of X.","What's your preferred way to communicate during the project?","Is there anything else you'd like us to know before we get started?"
"2026/05/18 1:53:52 PM GMT+1","Emma Hasell ","07817467424","2 Brook Cottages Chew Magna BS40 8RJ ","No","","Instagram ","House of Tula 
Tula means balance in Sanskrit, I believe that we all need to live a more balanced life in these busy times as we are so over stimulated and our attention is so easily pulled externally so my little business was born from hoping to give people a space to be, to pause to breath and focus that attention inwards to create peace and stillness. Yoga is a very ancient beautiful practice that enables us to shine a light on our thoughts, our breath and our body to expose where we need to soften, listen, let go and just listen to what our body and mind need. 
","1:1 yoga 
Children’s yoga 
After school clubs and term time 
Small groups yoga 
Seasonal events and pop ups 
Guided meditation 
Conscious breath 
bespoke facials 
Full body massage 
Back massage ","Not at this stage","","Maybe 30 -60 
Someone that has a little more time and looking for a personal intimate yoga session with 100% focus in them, big classes can feel quite intimidating if not done before. My soo pop see is beautiful relaxed inviting, nestled in Chew Magna village with nature ","I feel that yoga is taught as a physical exercise a lot of the time which of course it is but it is an external practice to go internally,  to create space, peace stillness. 
An opportunity to stop and feel and be rather than to think and be. 
I think I teach yoga as a feeling rather than something you have to achieve, do or look a certain way in each posture asana and invite people to connect to their breath  and breath and see what comes up and what they need through the yoga, breathwork and guided meditation 
I use beautiful products too if someone books treatment and I feel my space is very calm, inviting.  ","Get enquiries;Share my story;Showcase services;Be found on Google","Home;About;Services;Events;Contact","I would like to offer corporate yoga- wellness at work please too ","No","","No","I only have a JPEG or screenshot","Earthy times, muted and I saw sine like linen colours that had texture tighten if that makes sense. ","Calm and grounding;Natural and earthy;Spiritual","Yeva don world 
steffy  white yoga ","Avoid bright colours, too much going on and not too busy. I prefer photos that are natural maybe faded out etc ","No","I will forward on as not had any done really only on my phone I hope that’s ok  ","Some, but it needs work","","Not yet but i can gather some","","I’m not in a hurry at all so have time to get it right ","Either is fine","I’m going to get a new email too 
Hello at house of Tula to include. I’m all new to this and am not very good at it all so will probably need a bit of help so please bear with me too 😉🙏🏼☺️"